シャイニーカラーズ,4786,4786,5000,シャイニーカラーズ,名詞,固有名詞,一般,*,*,*,シャイニーカラーズ,シャイニーカラーズ,*,*,*,*,*
shiny colors,4786,4786,5000,shiny colors,名詞,固有名詞,一般,*,*,*,シャイニーカラーズ,シャイニーカラーズ,*,*,*,*,*
song for prism,4786,4786,5000,song for prism,名詞,固有名詞,一般,*,*,*,ソングフォープリズム,song for prism,*,*,*,*,*
ソングフォープリズム,4786,4786,5000,ソングフォープリズム,名詞,固有名詞,一般,*,*,*,ソングフォープリズム,song for prism,*,*,*,*,*
コヒーレントライト,4786,4786,5000,コヒーレントライト,名詞,固有名詞,一般,*,*,*,コヒーレントライト,コヒーレントライト,*,*,*,*,*
283プロダクション,4786,4786,-5000,283プロダクション,名詞,固有名詞,一般,*,*,*,ツバサプロダクション,283プロダクション,*,*,*,*,*
283 production,4786,4786,-5000,283 production,名詞,固有名詞,一般,*,*,*,ツバサプロダクション,283プロダクション,*,*,*,*,*
283プロ,4786,4786,-5000,283プロ,名詞,固有名詞,一般,*,*,*,ツバサプロ,283プロ,*,*,*,*,*
283 pro,4786,4786,-5000,283 pro,名詞,固有名詞,一般,*,*,*,ツバサプロ,283プロ,*,*,*,*,*
w.i.n.g.,4786,4786,5000,w.i.n.g.,名詞,固有名詞,一般,*,*,*,ウィング,w.i.n.g.,*,*,*,*,*
g.r.a.d.,4786,4786,5000,g.r.a.d.,名詞,固有名詞,一般,*,*,*,グラッド,g.r.a.d.,*,*,*,*,*
s.t.e.p.,4786,4786,5000,s.t.e.p.,名詞,固有名詞,一般,*,*,*,ステップ,s.t.e.p.,*,*,*,*,*
イルミネーションスターズ,4786,4786,5000,イルミネーションスターズ,名詞,固有名詞,一般,*,*,*,イルミネーションスターズ,イルミネーションスターズ,*,*,*,*,*
illumination stars,4786,4786,5000,illumination stars,名詞,固有名詞,一般,*,*,*,イルミネーションスターズ,イルミネーションスターズ,*,*,*,*,*
アンティーカ,4786,4786,5000,アンティーカ,名詞,固有名詞,一般,*,*,*,アンティーカ,アンティーカ,*,*,*,*,*
l'antica,4786,4786,5000,l'antica,名詞,固有名詞,一般,*,*,*,アンティーカ,アンティーカ,*,*,*,*,*
放課後クライマックスガールズ,4786,4786,5000,放課後クライマックスガールズ,名詞,固有名詞,一般,*,*,*,ホウカゴクライマックスガールズ,放課後クライマックスガールズ,*,*,*,*,*
アルストロメリア,4786,4786,5000,アルストロメリア,名詞,固有名詞,一般,*,*,*,アルストロメリア,アルストロメリア,*,*,*,*,*
alstroemeria,4786,4786,5000,alstroemeria,名詞,固有名詞,一般,*,*,*,アルストロメリア,アルストロメリア,*,*,*,*,*
ストレイライト,4786,4786,5000,ストレイライト,名詞,固有名詞,一般,*,*,*,ストレイライト,ストレイライト,*,*,*,*,*
straylight,4786,4786,5000,straylight,名詞,固有名詞,一般,*,*,*,ストレイライト,ストレイライト,*,*,*,*,*
ノクチル,4786,4786,5000,ノクチル,名詞,固有名詞,一般,*,*,*,ノクチル,ノクチル,*,*,*,*,*
noctchill,4786,4786,5000,noctchill,名詞,固有名詞,一般,*,*,*,ノクチル,ノクチル,*,*,*,*,*
シーズ,4786,4786,5000,シーズ,名詞,固有名詞,一般,*,*,*,シーズ,シーズ,*,*,*,*,*
shhis,4786,4786,5000,shhis,名詞,固有名詞,一般,*,*,*,シーズ,シーズ,*,*,*,*,*
コメティック,4786,4786,5000,コメティック,名詞,固有名詞,一般,*,*,*,コメティック,コメティック,*,*,*,*,*
cometik,4786,4786,5000,cometik,名詞,固有名詞,一般,*,*,*,コメティック,コメティック,*,*,*,*,*
イルミネ,4786,4786,5000,イルミネ,名詞,固有名詞,一般,*,*,*,イルミネ,イルミネ,*,*,*,*,*
放クラ,4786,4786,5000,放クラ,名詞,固有名詞,一般,*,*,*,ホウクラ,放クラ,*,*,*,*,*
デビ太郎,4786,4786,5000,デビ太郎,名詞,固有名詞,一般,*,*,*,デビタロウ,デビ太郎,*,*,*,*,*
エン次郎,4786,4786,5000,エン次郎,名詞,固有名詞,一般,*,*,*,エンジロウ,エン次郎,*,*,*,*,*
マメ丸,4786,4786,5000,マメ丸,名詞,固有名詞,一般,*,*,*,マメマル,マメ丸,*,*,*,*,*
ピーちゃん,4786,4786,5000,ピーちゃん,名詞,固有名詞,一般,*,*,*,ピーチャン,ピーちゃん,*,*,*,*,*
ジャスティスv,4786,4786,5000,ジャスティスv,名詞,固有名詞,一般,*,*,*,ジャスティスファイブ,ジャスティスv,*,*,*,*,*
櫻木真乃,4788,4788,5000,櫻木真乃,名詞,固有名詞,人名,一般,*,*,サクラギマノ,櫻木真乃,*,*,*,*,*
櫻木 真乃,4788,4788,5000,櫻木 真乃,名詞,固有名詞,人名,一般,*,*,サクラギマノ,櫻木真乃,*,*,*,*,*
櫻木　真乃,4788,4788,5000,櫻木　真乃,名詞,固有名詞,人名,一般,*,*,サクラギマノ,櫻木真乃,*,*,*,*,*
風野灯織,4788,4788,5000,風野灯織,名詞,固有名詞,人名,一般,*,*,カザノヒオリ,風野灯織,*,*,*,*,*
風野 灯織,4788,4788,5000,風野 灯織,名詞,固有名詞,人名,一般,*,*,カザノヒオリ,風野灯織,*,*,*,*,*
風野　灯織,4788,4788,5000,風野　灯織,名詞,固有名詞,人名,一般,*,*,カザノヒオリ,風野灯織,*,*,*,*,*
八宮めぐる,4788,4788,5000,八宮めぐる,名詞,固有名詞,人名,一般,*,*,ハチミヤメグル,八宮めぐる,*,*,*,*,*
八宮 めぐる,4788,4788,5000,八宮 めぐる,名詞,固有名詞,人名,一般,*,*,ハチミヤメグル,八宮めぐる,*,*,*,*,*
八宮　めぐる,4788,4788,5000,八宮　めぐる,名詞,固有名詞,人名,一般,*,*,ハチミヤメグル,八宮めぐる,*,*,*,*,*
月岡恋鐘,4788,4788,5000,月岡恋鐘,名詞,固有名詞,人名,一般,*,*,ツキオカコガネ,月岡恋鐘,*,*,*,*,*
月岡 恋鐘,4788,4788,5000,月岡 恋鐘,名詞,固有名詞,人名,一般,*,*,ツキオカコガネ,月岡恋鐘,*,*,*,*,*
月岡　恋鐘,4788,4788,5000,月岡　恋鐘,名詞,固有名詞,人名,一般,*,*,ツキオカコガネ,月岡恋鐘,*,*,*,*,*
田中摩美々,4788,4788,5000,田中摩美々,名詞,固有名詞,人名,一般,*,*,タナカマミミ,田中摩美々,*,*,*,*,*
田中 摩美々,4788,4788,5000,田中 摩美々,名詞,固有名詞,人名,一般,*,*,タナカマミミ,田中摩美々,*,*,*,*,*
田中　摩美々,4788,4788,5000,田中　摩美々,名詞,固有名詞,人名,一般,*,*,タナカマミミ,田中摩美々,*,*,*,*,*
白瀬咲耶,4788,4788,5000,白瀬咲耶,名詞,固有名詞,人名,一般,*,*,シラセサクヤ,白瀬咲耶,*,*,*,*,*
白瀬 咲耶,4788,4788,5000,白瀬 咲耶,名詞,固有名詞,人名,一般,*,*,シラセサクヤ,白瀬咲耶,*,*,*,*,*
白瀬　咲耶,4788,4788,5000,白瀬　咲耶,名詞,固有名詞,人名,一般,*,*,シラセサクヤ,白瀬咲耶,*,*,*,*,*
三峰結華,4788,4788,5000,三峰結華,名詞,固有名詞,人名,一般,*,*,ミツミネユイカ,三峰結華,*,*,*,*,*
三峰 結華,4788,4788,5000,三峰 結華,名詞,固有名詞,人名,一般,*,*,ミツミネユイカ,三峰結華,*,*,*,*,*
三峰　結華,4788,4788,5000,三峰　結華,名詞,固有名詞,人名,一般,*,*,ミツミネユイカ,三峰結華,*,*,*,*,*
幽谷霧子,4788,4788,5000,幽谷霧子,名詞,固有名詞,人名,一般,*,*,ユウコクキリコ,幽谷霧子,*,*,*,*,*
幽谷 霧子,4788,4788,5000,幽谷 霧子,名詞,固有名詞,人名,一般,*,*,ユウコクキリコ,幽谷霧子,*,*,*,*,*
幽谷　霧子,4788,4788,5000,幽谷　霧子,名詞,固有名詞,人名,一般,*,*,ユウコクキリコ,幽谷霧子,*,*,*,*,*
小宮果穂,4788,4788,5000,小宮果穂,名詞,固有名詞,人名,一般,*,*,コミヤカホ,小宮果穂,*,*,*,*,*
小宮 果穂,4788,4788,5000,小宮 果穂,名詞,固有名詞,人名,一般,*,*,コミヤカホ,小宮果穂,*,*,*,*,*
小宮　果穂,4788,4788,5000,小宮　果穂,名詞,固有名詞,人名,一般,*,*,コミヤカホ,小宮果穂,*,*,*,*,*
園田智代子,4788,4788,5000,園田智代子,名詞,固有名詞,人名,一般,*,*,ソノダチヨコ,園田智代子,*,*,*,*,*
園田 智代子,4788,4788,5000,園田 智代子,名詞,固有名詞,人名,一般,*,*,ソノダチヨコ,園田智代子,*,*,*,*,*
園田　智代子,4788,4788,5000,園田　智代子,名詞,固有名詞,人名,一般,*,*,ソノダチヨコ,園田智代子,*,*,*,*,*
西城樹里,4788,4788,5000,西城樹里,名詞,固有名詞,人名,一般,*,*,サイジョウジュリ,西城樹里,*,*,*,*,*
西城 樹里,4788,4788,5000,西城 樹里,名詞,固有名詞,人名,一般,*,*,サイジョウジュリ,西城樹里,*,*,*,*,*
西城　樹里,4788,4788,5000,西城　樹里,名詞,固有名詞,人名,一般,*,*,サイジョウジュリ,西城樹里,*,*,*,*,*
杜野凛世,4788,4788,5000,杜野凛世,名詞,固有名詞,人名,一般,*,*,モリノリンゼ,杜野凛世,*,*,*,*,*
杜野 凛世,4788,4788,5000,杜野 凛世,名詞,固有名詞,人名,一般,*,*,モリノリンゼ,杜野凛世,*,*,*,*,*
杜野　凛世,4788,4788,5000,杜野　凛世,名詞,固有名詞,人名,一般,*,*,モリノリンゼ,杜野凛世,*,*,*,*,*
有栖川夏葉,4788,4788,5000,有栖川夏葉,名詞,固有名詞,人名,一般,*,*,アリスガワナツハ,有栖川夏葉,*,*,*,*,*
有栖川 夏葉,4788,4788,5000,有栖川 夏葉,名詞,固有名詞,人名,一般,*,*,アリスガワナツハ,有栖川夏葉,*,*,*,*,*
有栖川　夏葉,4788,4788,5000,有栖川　夏葉,名詞,固有名詞,人名,一般,*,*,アリスガワナツハ,有栖川夏葉,*,*,*,*,*
大崎甘奈,4788,4788,5000,大崎甘奈,名詞,固有名詞,人名,一般,*,*,オオサキアマナ,大崎甘奈,*,*,*,*,*
大崎 甘奈,4788,4788,5000,大崎 甘奈,名詞,固有名詞,人名,一般,*,*,オオサキアマナ,大崎甘奈,*,*,*,*,*
大崎　甘奈,4788,4788,5000,大崎　甘奈,名詞,固有名詞,人名,一般,*,*,オオサキアマナ,大崎甘奈,*,*,*,*,*
大崎甜花,4788,4788,5000,大崎甜花,名詞,固有名詞,人名,一般,*,*,オオサキテンカ,大崎甜花,*,*,*,*,*
大崎 甜花,4788,4788,5000,大崎 甜花,名詞,固有名詞,人名,一般,*,*,オオサキテンカ,大崎甜花,*,*,*,*,*
大崎　甜花,4788,4788,5000,大崎　甜花,名詞,固有名詞,人名,一般,*,*,オオサキテンカ,大崎甜花,*,*,*,*,*
桑山千雪,4788,4788,5000,桑山千雪,名詞,固有名詞,人名,一般,*,*,クワヤマチユキ,桑山千雪,*,*,*,*,*
桑山 千雪,4788,4788,5000,桑山 千雪,名詞,固有名詞,人名,一般,*,*,クワヤマチユキ,桑山千雪,*,*,*,*,*
桑山　千雪,4788,4788,5000,桑山　千雪,名詞,固有名詞,人名,一般,*,*,クワヤマチユキ,桑山千雪,*,*,*,*,*
芹沢あさひ,4788,4788,5000,芹沢あさひ,名詞,固有名詞,人名,一般,*,*,セリザワアサヒ,芹沢あさひ,*,*,*,*,*
芹沢 あさひ,4788,4788,5000,芹沢 あさひ,名詞,固有名詞,人名,一般,*,*,セリザワアサヒ,芹沢あさひ,*,*,*,*,*
芹沢　あさひ,4788,4788,5000,芹沢　あさひ,名詞,固有名詞,人名,一般,*,*,セリザワアサヒ,芹沢あさひ,*,*,*,*,*
黛冬優子,4788,4788,5000,黛冬優子,名詞,固有名詞,人名,一般,*,*,マユズミフユコ,黛冬優子,*,*,*,*,*
黛 冬優子,4788,4788,5000,黛 冬優子,名詞,固有名詞,人名,一般,*,*,マユズミフユコ,黛冬優子,*,*,*,*,*
黛　冬優子,4788,4788,5000,黛　冬優子,名詞,固有名詞,人名,一般,*,*,マユズミフユコ,黛冬優子,*,*,*,*,*
和泉愛依,4788,4788,5000,和泉愛依,名詞,固有名詞,人名,一般,*,*,イズミメイ,和泉愛依,*,*,*,*,*
和泉 愛依,4788,4788,5000,和泉 愛依,名詞,固有名詞,人名,一般,*,*,イズミメイ,和泉愛依,*,*,*,*,*
和泉　愛依,4788,4788,5000,和泉　愛依,名詞,固有名詞,人名,一般,*,*,イズミメイ,和泉愛依,*,*,*,*,*
浅倉透,4788,4788,5000,浅倉透,名詞,固有名詞,人名,一般,*,*,アサクラトオル,浅倉透,*,*,*,*,*
浅倉 透,4788,4788,5000,浅倉 透,名詞,固有名詞,人名,一般,*,*,アサクラトオル,浅倉透,*,*,*,*,*
浅倉　透,4788,4788,5000,浅倉　透,名詞,固有名詞,人名,一般,*,*,アサクラトオル,浅倉透,*,*,*,*,*
樋口円香,4788,4788,5000,樋口円香,名詞,固有名詞,人名,一般,*,*,ヒグチマドカ,樋口円香,*,*,*,*,*
樋口 円香,4788,4788,5000,樋口 円香,名詞,固有名詞,人名,一般,*,*,ヒグチマドカ,樋口円香,*,*,*,*,*
樋口　円香,4788,4788,5000,樋口　円香,名詞,固有名詞,人名,一般,*,*,ヒグチマドカ,樋口円香,*,*,*,*,*
福丸小糸,4788,4788,5000,福丸小糸,名詞,固有名詞,人名,一般,*,*,フクマルコイト,福丸小糸,*,*,*,*,*
福丸 小糸,4788,4788,5000,福丸 小糸,名詞,固有名詞,人名,一般,*,*,フクマルコイト,福丸小糸,*,*,*,*,*
福丸　小糸,4788,4788,5000,福丸　小糸,名詞,固有名詞,人名,一般,*,*,フクマルコイト,福丸小糸,*,*,*,*,*
市川雛菜,4788,4788,5000,市川雛菜,名詞,固有名詞,人名,一般,*,*,イチカワヒナナ,市川雛菜,*,*,*,*,*
市川 雛菜,4788,4788,5000,市川 雛菜,名詞,固有名詞,人名,一般,*,*,イチカワヒナナ,市川雛菜,*,*,*,*,*
市川　雛菜,4788,4788,5000,市川　雛菜,名詞,固有名詞,人名,一般,*,*,イチカワヒナナ,市川雛菜,*,*,*,*,*
七草にちか,4788,4788,5000,七草にちか,名詞,固有名詞,人名,一般,*,*,ナナクサニチカ,七草にちか,*,*,*,*,*
七草 にちか,4788,4788,5000,七草 にちか,名詞,固有名詞,人名,一般,*,*,ナナクサニチカ,七草にちか,*,*,*,*,*
七草　にちか,4788,4788,5000,七草　にちか,名詞,固有名詞,人名,一般,*,*,ナナクサニチカ,七草にちか,*,*,*,*,*
緋田美琴,4788,4788,5000,緋田美琴,名詞,固有名詞,人名,一般,*,*,アケタミコト,緋田美琴,*,*,*,*,*
緋田 美琴,4788,4788,5000,緋田 美琴,名詞,固有名詞,人名,一般,*,*,アケタミコト,緋田美琴,*,*,*,*,*
緋田　美琴,4788,4788,5000,緋田　美琴,名詞,固有名詞,人名,一般,*,*,アケタミコト,緋田美琴,*,*,*,*,*
斑鳩ルカ,4788,4788,5000,斑鳩ルカ,名詞,固有名詞,人名,一般,*,*,イカルガルカ,斑鳩ルカ,*,*,*,*,*
斑鳩 ルカ,4788,4788,5000,斑鳩 ルカ,名詞,固有名詞,人名,一般,*,*,イカルガルカ,斑鳩ルカ,*,*,*,*,*
斑鳩　ルカ,4788,4788,5000,斑鳩　ルカ,名詞,固有名詞,人名,一般,*,*,イカルガルカ,斑鳩ルカ,*,*,*,*,*
鈴木羽那,4788,4788,5000,鈴木羽那,名詞,固有名詞,人名,一般,*,*,スズキハナ,鈴木羽那,*,*,*,*,*
鈴木 羽那,4788,4788,5000,鈴木 羽那,名詞,固有名詞,人名,一般,*,*,スズキハナ,鈴木羽那,*,*,*,*,*
鈴木　羽那,4788,4788,5000,鈴木　羽那,名詞,固有名詞,人名,一般,*,*,スズキハナ,鈴木羽那,*,*,*,*,*
郁田はるき,4788,4788,5000,郁田はるき,名詞,固有名詞,人名,一般,*,*,イクタハルキ,郁田はるき,*,*,*,*,*
郁田 はるき,4788,4788,5000,郁田 はるき,名詞,固有名詞,人名,一般,*,*,イクタハルキ,郁田はるき,*,*,*,*,*
郁田　はるき,4788,4788,5000,郁田　はるき,名詞,固有名詞,人名,一般,*,*,イクタハルキ,郁田はるき,*,*,*,*,*
天井努,4788,4788,5000,天井努,名詞,固有名詞,人名,一般,*,*,アマイツトム,天井努,*,*,*,*,*
天井 努,4788,4788,5000,天井 努,名詞,固有名詞,人名,一般,*,*,アマイツトム,天井努,*,*,*,*,*
天井　努,4788,4788,5000,天井　努,名詞,固有名詞,人名,一般,*,*,アマイツトム,天井努,*,*,*,*,*
七草はづき,4788,4788,5000,七草はづき,名詞,固有名詞,人名,一般,*,*,ナナクサハヅキ,七草はづき,*,*,*,*,*
七草 はづき,4788,4788,5000,七草 はづき,名詞,固有名詞,人名,一般,*,*,ナナクサハヅキ,七草はづき,*,*,*,*,*
七草　はづき,4788,4788,5000,七草　はづき,名詞,固有名詞,人名,一般,*,*,ナナクサハヅキ,七草はづき,*,*,*,*,*
シャニp,4788,4788,5000,シャニp,名詞,固有名詞,人名,一般,*,*,シャニピー,シャニp,*,*,*,*,*
風野,4790,4790,5000,風野,名詞,固有名詞,人名,姓,*,*,カザノ,風野,*,*,*,*,*
三峰,4790,4790,5000,三峰,名詞,固有名詞,人名,姓,*,*,ミツミネ,三峰,*,*,*,*,*
杜野,4790,4790,5000,杜野,名詞,固有名詞,人名,姓,*,*,モリノ,杜野,*,*,*,*,*
真乃,4789,4789,5000,真乃,名詞,固有名詞,人名,名,*,*,マノ,真乃,*,*,*,*,*
めぐる,4789,4789,5000,めぐる,名詞,固有名詞,人名,名,*,*,メグル,めぐる,*,*,*,*,*
恋鐘,4789,4789,5000,恋鐘,名詞,固有名詞,人名,名,*,*,コガネ,恋鐘,*,*,*,*,*
摩美々,4789,4789,5000,摩美々,名詞,固有名詞,人名,名,*,*,マミミ,摩美々,*,*,*,*,*
結華,4789,4789,5000,結華,名詞,固有名詞,人名,名,*,*,ユイカ,結華,*,*,*,*,*
甘奈,4789,4789,5000,甘奈,名詞,固有名詞,人名,名,*,*,アマナ,甘奈,*,*,*,*,*
甜花,4789,4789,5000,甜花,名詞,固有名詞,人名,名,*,*,テンカ,甜花,*,*,*,*,*
冬優子,4789,4789,5000,冬優子,名詞,固有名詞,人名,名,*,*,フユコ,冬優子,*,*,*,*,*
愛依,4789,4789,5000,愛依,名詞,固有名詞,人名,名,*,*,メイ,愛依,*,*,*,*,*
雛菜,4789,4789,5000,雛菜,名詞,固有名詞,人名,名,*,*,ヒナナ,雛菜,*,*,*,*,*
はるき,4789,4789,5000,はるき,名詞,固有名詞,人名,名,*,*,ハルキ,はるき,*,*,*,*,*
はづき,4789,4789,5000,はづき,名詞,固有名詞,人名,名,*,*,ハヅキ,はづき,*,*,*,*,*
spread the wings!!,4789,4789,5000,spread the wings!!,名詞,固有名詞,一般,*,*,*,スプレッドウィングス,spread the wings!!,*,*,*,*,*
ヒカリのdestination,4789,4789,5000,ヒカリのdestination,名詞,固有名詞,一般,*,*,*,ヒカリノディステネーション,ヒカリのdestination,*,*,*,*,*
バベルシティ・グレイス,4789,4789,5000,バベルシティ・グレイス,名詞,固有名詞,一般,*,*,*,バベルシティグレイス,バベルシティ・グレイス,*,*,*,*,*
夢咲きafter school,4789,4789,5000,夢咲きafter school,名詞,固有名詞,一般,*,*,*,ユメサキアフタースクール,夢咲きafter school,*,*,*,*,*
multicolored sky,4789,4789,5000,multicolored sky,名詞,固有名詞,一般,*,*,*,マルチカラードスカイ,multicolored sky,*,*,*,*,*
虹になれ,4789,4789,5000,虹になれ,名詞,固有名詞,一般,*,*,*,ニジニナレ,虹になれ,*,*,*,*,*
幻惑silhouette,4789,4789,5000,幻惑silhouette,名詞,固有名詞,一般,*,*,*,ゲンワクシルエット,幻惑silhouette,*,*,*,*,*
太陽キッス,4789,4789,5000,太陽キッス,名詞,固有名詞,一般,*,*,*,タイヨウキッス,太陽キッス,*,*,*,*,*
ハピリリ,4789,4789,5000,ハピリリ,名詞,固有名詞,一般,*,*,*,ハピリリ,ハピリリ,*,*,*,*,*
let's get a chance,4789,4789,5000,let's get a chance,名詞,固有名詞,一般,*,*,*,レッツゲットアチャンス,let's get a chance,*,*,*,*,*
snow flakes memories,4789,4789,5000,snow flakes memories,名詞,固有名詞,一般,*,*,*,スノーフレークスメモリーズ,snow flakes memories,*,*,*,*,*
ambitious eve,4789,4789,5000,ambitious eve,名詞,固有名詞,一般,*,*,*,アンビシャスイブ,ambitious eve,*,*,*,*,*
いつか shiny days,4789,4789,5000,いつか shiny days,名詞,固有名詞,一般,*,*,*,イツカシャイニーデイズ,いつか shiny days,*,*,*,*,*
wandering dream chaser,4789,4789,5000,wandering dream chaser,名詞,固有名詞,一般,*,*,*,ワンダリングドリームチェイサー,wandering dream chaser,*,*,*,*,*
we can go now!,4789,4789,5000,we can go now!,名詞,固有名詞,一般,*,*,*,ウィーキャンゴーナウ,we can go now!,*,*,*,*,*
neo theory fantasy,4789,4789,5000,neo theory fantasy,名詞,固有名詞,一般,*,*,*,ネオセオリーファンタジー,neo theory fantasy,*,*,*,*,*
ラビリンス・レジスタンス,4789,4789,5000,ラビリンス・レジスタンス,名詞,固有名詞,一般,*,*,*,ラビリンスレジスタンス,ラビリンス・レジスタンス,*,*,*,*,*
ビーチブレイバー,4789,4789,5000,ビーチブレイバー,名詞,固有名詞,一般,*,*,*,ビーチブレイバー,ビーチブレイバー,*,*,*,*,*
よりみちサンセット,4789,4789,5000,よりみちサンセット,名詞,固有名詞,一般,*,*,*,ヨリミチサンセット,よりみちサンセット,*,*,*,*,*
bloomy!,4789,4789,5000,bloomy!,名詞,固有名詞,一般,*,*,*,ブルーミー,bloomy!,*,*,*,*,*
love addiction,4789,4789,5000,love addiction,名詞,固有名詞,一般,*,*,*,ラブアディクション,love addiction,*,*,*,*,*
transcending the world,4789,4789,5000,transcending the world,名詞,固有名詞,一般,*,*,*,トランデンディングザワールド,transcending the world,*,*,*,*,*
futurity smile,4789,4789,5000,futurity smile,名詞,固有名詞,一般,*,*,*,フューチャリティスマイル,futurity smile,*,*,*,*,*
sweet♡step,4789,4789,5000,sweet♡step,名詞,固有名詞,一般,*,*,*,スイートステップ,sweet♡step,*,*,*,*,*
シャイノグラフィ,4789,4789,5000,シャイノグラフィ,名詞,固有名詞,一般,*,*,*,シャイノグラフィ,シャイノグラフィ,*,*,*,*,*
絶対正義 every day,4789,4789,5000,絶対正義 every day,名詞,固有名詞,一般,*,*,*,ゼッタイセイギエブリデイ,絶対正義 every day,*,*,*,*,*
デビ太郎のうた,4789,4789,5000,デビ太郎のうた,名詞,固有名詞,一般,*,*,*,デビタロウノウタ,デビ太郎のうた,*,*,*,*,*
dye the sky.,4789,4789,5000,dye the sky.,名詞,固有名詞,一般,*,*,*,ダイザスカイ,dye the sky.,*,*,*,*,*
いつだって僕らは,4789,4789,5000,いつだって僕らは,名詞,固有名詞,一般,*,*,*,イツダッテボクラハ,いつだって僕らは,*,*,*,*,*
twinkle way,4789,4789,5000,twinkle way,名詞,固有名詞,一般,*,*,*,トゥインクルウェイ,twinkle way,*,*,*,*,*
hide & attack,4789,4789,5000,hide & attack,名詞,固有名詞,一般,*,*,*,ハイドアンドアタック,hide & attack,*,*,*,*,*
destined rival,4789,4789,5000,destined rival,名詞,固有名詞,一般,*,*,*,デスティンドライバル,destined rival,*,*,*,*,*
あの花のように,4789,4789,5000,あの花のように,名詞,固有名詞,一般,*,*,*,アノハナノヨウニ,あの花のように,*,*,*,*,*
happy funny lucky,4789,4789,5000,happy funny lucky,名詞,固有名詞,一般,*,*,*,ハッピーファニーラッキー,happy funny lucky,*,*,*,*,*
black reverie,4789,4789,5000,black reverie,名詞,固有名詞,一般,*,*,*,ブライクレベリー,black reverie,*,*,*,*,*
純白トロイメライ,4789,4789,5000,純白トロイメライ,名詞,固有名詞,一般,*,*,*,ジュンパクトロイメライ,純白トロイメライ,*,*,*,*,*
五ツ座流星群,4789,4789,5000,五ツ座流星群,名詞,固有名詞,一般,*,*,*,イツツザリュウセイグン,五ツ座流星群,*,*,*,*,*
学祭革命夜明け前,4789,4789,5000,学祭革命夜明け前,名詞,固有名詞,一般,*,*,*,ガクサイカクメイヨアケマエ,学祭革命夜明け前,*,*,*,*,*
ダブル・イフェクト,4789,4789,5000,ダブル・イフェクト,名詞,固有名詞,一般,*,*,*,ダブルイフェクト,ダブル・イフェクト,*,*,*,*,*
ありったけの輝きで,4789,4789,5000,ありったけの輝きで,名詞,固有名詞,一般,*,*,*,アリッタケノカガヤキデ,ありったけの輝きで,*,*,*,*,*
チョコデート・サンデー,4789,4789,5000,チョコデート・サンデー,名詞,固有名詞,一般,*,*,*,チョコデートサンデー,チョコデート・サンデー,*,*,*,*,*
sweet memories,4789,4789,5000,sweet memories,名詞,固有名詞,一般,*,*,*,スイートメモリーズ,sweet memories,*,*,*,*,*
アポイント・シグナル,4789,4789,5000,アポイント・シグナル,名詞,固有名詞,一般,*,*,*,アポイントシグナル,アポイント・シグナル,*,*,*,*,*
ハナマルバッジ,4789,4789,5000,ハナマルバッジ,名詞,固有名詞,一般,*,*,*,ハナマルバッジ,ハナマルバッジ,*,*,*,*,*
星をめざして,4789,4789,5000,星をめざして,名詞,固有名詞,一般,*,*,*,ホシヲメザシテ,星をめざして,*,*,*,*,*
プラニスフィア 〜planisphere〜,4789,4789,5000,プラニスフィア 〜planisphere〜,名詞,固有名詞,一般,*,*,*,プラニスフィア,プラニスフィア 〜planisphere〜,*,*,*,*,*
プラニスフィア,4789,4789,5000,プラニスフィア,名詞,固有名詞,一般,*,*,*,プラニスフィア,プラニスフィア,*,*,*,*,*
誰ソ彼アイデンティティー,4789,4789,5000,誰ソ彼アイデンティティー,名詞,固有名詞,一般,*,*,*,タソガレアイデンティティー,誰ソ彼アイデンティティー,*,*,*,*,*
プラスチック・アンブレラ,4789,4789,5000,プラスチック・アンブレラ,名詞,固有名詞,一般,*,*,*,プラスチックアンブレラ,プラスチック・アンブレラ,*,*,*,*,*
わたしの主人公はわたしだから！,4789,4789,5000,わたしの主人公はわたしだから！,名詞,固有名詞,一般,*,*,*,ワタシノシュジンコウハワタシダカラ,わたしの主人公はわたしだから！,*,*,*,*,*
常咲の庭,4789,4789,5000,常咲の庭,名詞,固有名詞,一般,*,*,*,トコサキノニワ,常咲の庭,*,*,*,*,*
雪・月・風・花,4789,4789,5000,雪・月・風・花,名詞,固有名詞,一般,*,*,*,セツゲツフウカ,雪・月・風・花,*,*,*,*,*
going my way,4789,4789,5000,going my way,名詞,固有名詞,一般,*,*,*,ゴーイングマイウェイ,going my way,*,*,*,*,*
リフレクトサイン,4789,4789,5000,リフレクトサイン,名詞,固有名詞,一般,*,*,*,リフレクトサイン,リフレクトサイン,*,*,*,*,*
harebare!!,4789,4789,5000,harebare!!,名詞,固有名詞,一般,*,*,*,ハレバレ,harebare!!,*,*,*,*,*
damascus cocktail,4789,4789,5000,damascus cocktail,名詞,固有名詞,一般,*,*,*,ダマスカスカクテル,damascus cocktail,*,*,*,*,*
あおぞらサイダー,4789,4789,5000,あおぞらサイダー,名詞,固有名詞,一般,*,*,*,アオゾラサイダー,あおぞらサイダー,*,*,*,*,*
過純性ブリーチ,4789,4789,5000,過純性ブリーチ,名詞,固有名詞,一般,*,*,*,カジュンセイブリーチ,過純性ブリーチ,*,*,*,*,*
darling you!,4789,4789,5000,darling you!,名詞,固有名詞,一般,*,*,*,ダーリンユー,darling you!,*,*,*,*,*
千夜アリア,4789,4789,5000,千夜アリア,名詞,固有名詞,一般,*,*,*,センヤアリア,千夜アリア,*,*,*,*,*
solar way,4789,4789,5000,solar way,名詞,固有名詞,一般,*,*,*,ソーラーウェイ,solar way,*,*,*,*,*
resonance+,4789,4789,5000,resonance+,名詞,固有名詞,一般,*,*,*,レゾナンスプラス,resonance+,*,*,*,*,*
color days,4789,4789,5000,color days,名詞,固有名詞,一般,*,*,*,カラーデイズ,color days,*,*,*,*,*
prisism,4789,4789,5000,prisism,名詞,固有名詞,一般,*,*,*,プリズイズム,prisism,*,*,*,*,*
スマイルシンフォニア,4789,4789,5000,スマイルシンフォニア,名詞,固有名詞,一般,*,*,*,スマイルシンフォニア,スマイルシンフォニア,*,*,*,*,*
abyss of conflict,4789,4789,5000,abyss of conflict,名詞,固有名詞,一般,*,*,*,アビスオブコンフリクト,abyss of conflict,*,*,*,*,*
革命進化論,4789,4789,5000,革命進化論,名詞,固有名詞,一般,*,*,*,カクメイシンカロン,革命進化論,*,*,*,*,*
クライマックスアイランド,4789,4789,5000,クライマックスアイランド,名詞,固有名詞,一般,*,*,*,クライマックスアイランド,クライマックスアイランド,*,*,*,*,*
拝啓タイムカプセル,4789,4789,5000,拝啓タイムカプセル,名詞,固有名詞,一般,*,*,*,ハイケイタイムカプセル,拝啓タイムカプセル,*,*,*,*,*
パステルカラー パスカラカラー,4789,4789,5000,パステルカラー パスカラカラー,名詞,固有名詞,一般,*,*,*,パステルカラーパスカラカラー,パステルカラー パスカラカラー,*,*,*,*,*
ラブ・ボナペティート,4789,4789,5000,ラブ・ボナペティート,名詞,固有名詞,一般,*,*,*,ラブボナペティート,ラブ・ボナペティート,*,*,*,*,*
another rampage,4789,4789,5000,another rampage,名詞,固有名詞,一般,*,*,*,アナザーランページ,another rampage,*,*,*,*,*
timeless shooting star,4789,4789,5000,timeless shooting star,名詞,固有名詞,一般,*,*,*,タイムレスシューティングスター,timeless shooting star,*,*,*,*,*
僕らだけの未来の空,4789,4789,5000,僕らだけの未来の空,名詞,固有名詞,一般,*,*,*,ボクラダケノミライノソラ,僕らだけの未来の空,*,*,*,*,*
今しかない瞬間を,4789,4789,5000,今しかない瞬間を,名詞,固有名詞,一般,*,*,*,イマシカナイシュンカンヲ,今しかない瞬間を,*,*,*,*,*
fly and fly,4789,4789,5000,fly and fly,名詞,固有名詞,一般,*,*,*,フライアンドフライ,fly and fly,*,*,*,*,*
神様は死んだ、って,4789,4789,5000,神様は死んだ、って,名詞,固有名詞,一般,*,*,*,カミサマハシンダッテ,神様は死んだ、って,*,*,*,*,*
secret utopia,4789,4789,5000,secret utopia,名詞,固有名詞,一般,*,*,*,ッシークレットユートピア,secret utopia,*,*,*,*,*
相合学舎,4789,4789,5000,相合学舎,名詞,固有名詞,一般,*,*,*,アイアイガクシャ,相合学舎,*,*,*,*,*
killer×mission,4789,4789,5000,killer×mission,名詞,固有名詞,一般,*,*,*,キラーミッション,killer×mission,*,*,*,*,*
虹の行方,4789,4789,5000,虹の行方,名詞,固有名詞,一般,*,*,*,ニジノユクエ,虹の行方,*,*,*,*,*
daybreak age,4789,4789,5000,daybreak age,名詞,固有名詞,一般,*,*,*,デイブレイクエイジ,daybreak age,*,*,*,*,*
イルミネイトコンサート,4789,4789,5000,イルミネイトコンサート,名詞,固有名詞,一般,*,*,*,イルミネイトコンサート,イルミネイトコンサート,*,*,*,*,*
浮動性イノセンス,4789,4789,5000,浮動性イノセンス,名詞,固有名詞,一般,*,*,*,フドウセイイノセンス,浮動性イノセンス,*,*,*,*,*
愚者の独白,4789,4789,5000,愚者の独白,名詞,固有名詞,一般,*,*,*,グシャノドクハク,愚者の独白,*,*,*,*,*
一閃は君が導く,4789,4789,5000,一閃は君が導く,名詞,固有名詞,一般,*,*,*,イッセンハキミガミチビク,一閃は君が導く,*,*,*,*,*
キャットスクワッド,4789,4789,5000,キャットスクワッド,名詞,固有名詞,一般,*,*,*,キャットスクワッド,キャットスクワッド,*,*,*,*,*
very berry love,4789,4789,5000,very berry love,名詞,固有名詞,一般,*,*,*,ベリーベリーラブ,very berry love,*,*,*,*,*
give me some more...,4789,4789,5000,give me some more...,名詞,固有名詞,一般,*,*,*,ギブミーサムモア,give me some more...,*,*,*,*,*
283体操,4789,4789,5000,283体操,名詞,固有名詞,一般,*,*,*,ツバサタイソウ,283体操,*,*,*,*,*
シャイニーエクササイズ,4789,4789,5000,シャイニーエクササイズ,名詞,固有名詞,一般,*,*,*,シャイニーエクササイズ,シャイニーエクササイズ,*,*,*,*,*
tracing defender,4789,4789,5000,tracing defender,名詞,固有名詞,一般,*,*,*,トレーシングディフェンダー,tracing defender,*,*,*,*,*
overdrive emotion,4789,4789,5000,overdrive emotion,名詞,固有名詞,一般,*,*,*,オーバードライブエモーション,overdrive emotion,*,*,*,*,*
catch the breeze,4789,4789,5000,catch the breeze,名詞,固有名詞,一般,*,*,*,キャッチザブリーズ,catch the breeze,*,*,*,*,*
アスファルトを鳴らして,4789,4789,5000,アスファルトを鳴らして,名詞,固有名詞,一般,*,*,*,アスファルトヲナラシテ,アスファルトを鳴らして,*,*,*,*,*
bouncy girl,4789,4789,5000,bouncy girl,名詞,固有名詞,一般,*,*,*,バウンシーガール,bouncy girl,*,*,*,*,*
forward march!!!,4789,4789,5000,forward march!!!,名詞,固有名詞,一般,*,*,*,フォワードマーチ,forward march!!!,*,*,*,*,*
星が流れて,4789,4789,5000,星が流れて,名詞,固有名詞,一般,*,*,*,ホシガナガレテ,星が流れて,*,*,*,*,*
brightest white,4789,4789,5000,brightest white,名詞,固有名詞,一般,*,*,*,ブライテストホワイト,brightest white,*,*,*,*,*
とある英雄たちの物語,4789,4789,5000,とある英雄たちの物語,名詞,固有名詞,一般,*,*,*,トアルエイユウタチノモノガタリ,とある英雄たちの物語,*,*,*,*,*
shiny stories,4789,4789,5000,shiny stories,名詞,固有名詞,一般,*,*,*,シャイニーストーリーズ,shiny stories,*,*,*,*,*
unsung heroes,4789,4789,5000,unsung heroes,名詞,固有名詞,一般,*,*,*,アンサングヒーローズ,unsung heroes,*,*,*,*,*
有彩色ユリイカ,4789,4789,5000,有彩色ユリイカ,名詞,固有名詞,一般,*,*,*,ユウサイショクユリイカ,有彩色ユリイカ,*,*,*,*,*
ハナサカサイサイ,4789,4789,5000,ハナサカサイサイ,名詞,固有名詞,一般,*,*,*,ハナサカサイサイ,ハナサカサイサイ,*,*,*,*,*
全力アンサー,4789,4789,5000,全力アンサー,名詞,固有名詞,一般,*,*,*,ゼンリョクアンサー,全力アンサー,*,*,*,*,*
ひめくりモザイク,4789,4789,5000,ひめくりモザイク,名詞,固有名詞,一般,*,*,*,ヒメクリモザイク,ひめくりモザイク,*,*,*,*,*
imitation ghost,4789,4789,5000,imitation ghost,名詞,固有名詞,一般,*,*,*,イミテーションゴースト,imitation ghost,*,*,*,*,*
フェアリー・ガール,4789,4789,5000,フェアリー・ガール,名詞,固有名詞,一般,*,*,*,フェアリーガール,フェアリー・ガール,*,*,*,*,*
look up to the sky,4789,4789,5000,look up to the sky,名詞,固有名詞,一般,*,*,*,ルックアップトゥザスカイ,look up to the sky,*,*,*,*,*
burn burn,4789,4789,5000,burn burn,名詞,固有名詞,一般,*,*,*,バーンバーン,burn burn,*,*,*,*,*
start up stand up,4789,4789,5000,start up stand up,名詞,固有名詞,一般,*,*,*,スタートアップスタンドアップ,start up stand up,*,*,*,*,*
夢が夢じゃなくなるその日まで,4789,4789,5000,夢が夢じゃなくなるその日まで,名詞,固有名詞,一般,*,*,*,ユメガユメジャナクナルソノヒマデ,夢が夢じゃなくなるその日まで,*,*,*,*,*
青とオレンジ,4789,4789,5000,青とオレンジ,名詞,固有名詞,一般,*,*,*,アオトオレンジ,青とオレンジ,*,*,*,*,*
forbidden paradise,4789,4789,5000,forbidden paradise,名詞,固有名詞,一般,*,*,*,フォービドゥンパラダイス,forbidden paradise,*,*,*,*,*
sweetest bite,4789,4789,5000,sweetest bite,名詞,固有名詞,一般,*,*,*,スイーテストバイト,sweetest bite,*,*,*,*,*
無自覚アプリオリ,4789,4789,5000,無自覚アプリオリ,名詞,固有名詞,一般,*,*,*,ムジカクアプリオリ,無自覚アプリオリ,*,*,*,*,*
white story,4789,4789,5000,white story,名詞,固有名詞,一般,*,*,*,ホワイトストーリー,white story,*,*,*,*,*
ツバサグラビティ,4789,4789,5000,ツバサグラビティ,名詞,固有名詞,一般,*,*,*,ツバサグラビティ,ツバサグラビティ,*,*,*,*,*
星の声,4789,4789,5000,星の声,名詞,固有名詞,一般,*,*,*,ホシノコエ,星の声,*,*,*,*,*
夢見鳥,4789,4789,5000,夢見鳥,名詞,固有名詞,一般,*,*,*,ユメミドリ,夢見鳥,*,*,*,*,*
また明日,4789,4789,5000,また明日,名詞,固有名詞,一般,*,*,*,マタアシタ,また明日,*,*,*,*,*
oh my god,4789,4789,5000,oh my god,名詞,固有名詞,一般,*,*,*,オーマイゴッド,oh my god,*,*,*,*,*
くだらないや,4789,4789,5000,くだらないや,名詞,固有名詞,一般,*,*,*,クダラナイヤ,くだらないや,*,*,*,*,*
平行線の美学,4789,4789,5000,平行線の美学,名詞,固有名詞,一般,*,*,*,ヘイコウセンノビガク,平行線の美学,*,*,*,*,*
ホムラインビテーション,4789,4789,5000,ホムラインビテーション,名詞,固有名詞,一般,*,*,*,ホムラインビテーション,ホムラインビテーション,*,*,*,*,*
裸足じゃイラレナイ,4789,4789,5000,裸足じゃイラレナイ,名詞,固有名詞,一般,*,*,*,ハダシジャイラレナイ,裸足じゃイラレナイ,*,*,*,*,*
明日もbeautiful day,4789,4789,5000,明日もbeautiful day,名詞,固有名詞,一般,*,*,*,アシタモビューティフルデイ,明日もbeautiful day,*,*,*,*,*
